CustomerID,Name,Age,City,Email
1,Ahmed Butt,23,Quetta,ahmed.butt1@gmail.com
2,Khalid Butt,24,Quetta,khalid.butt2@gmail.com
3,Ahmed Shah,52,Faisalabad,ahmed.shah3@gmail.com
4,Sana Qureshi,72,Lahore,sana.qureshi4@gmail.com
5,Hameed Raza,39,Faisalabad,hameed.raza5@gmail.com
6,Sana Malik,28,Lahore,sana.malik6@gmail.com
7,Khalid Ahmed,74,Faisalabad,khalid.ahmed7@gmail.com
8,Faraz Ahmed,18,Islamabad,faraz.ahmed8@gmail.com
9,Iqra Ahmed,75,Lahore,iqra.ahmed9@gmail.com
10,Ayesha Raza,26,Quetta,ayesha.raza10@gmail.com
11,Ali Butt,45,Faisalabad,ali.butt11@gmail.com
12,Asad Butt,48,Quetta,asad.butt12@gmail.com
13,Ahmed Butt,39,Faisalabad,ahmed.butt13@gmail.com
14,Asad Malik,70,Faisalabad,asad.malik14@gmail.com
15,Hira Hashmi,69,Islamabad,hira.hashmi15@gmail.com
16,Ali Shah,75,Quetta,ali.shah16@gmail.com
17,Hira Shah,61,Faisalabad,hira.shah17@gmail.com
18,Noor Javed,51,Peshawar,noor.javed18@gmail.com
19,Khalid Qureshi,50,Lahore,khalid.qureshi19@gmail.com
20,Hameed Ahmed,49,Peshawar,hameed.ahmed20@gmail.com
21,Mariam Raza,39,Islamabad,mariam.raza21@gmail.com
22,Rida Shah,74,Lahore,rida.shah22@gmail.com
23,Iqra Shah,54,Quetta,iqra.shah23@gmail.com
24,Sana Khan,30,Faisalabad,sana.khan24@gmail.com
25,Ayesha Qureshi,18,Islamabad,ayesha.qureshi25@gmail.com
26,Bilal Shah,52,Faisalabad,bilal.shah26@gmail.com
27,Ahmed Butt,49,Quetta,ahmed.butt27@gmail.com
28,Bilal Siddiqui,48,Karachi,bilal.siddiqui28@gmail.com
29,Hassan Siddiqui,46,Multan,hassan.siddiqui29@gmail.com
30,Iqra Khan,18,Karachi,iqra.khan30@gmail.com
31,Iqra Malik,19,Islamabad,iqra.malik31@gmail.com
32,Nida Butt,45,Peshawar,nida.butt32@gmail.com
33,Khalid Khan,24,Faisalabad,khalid.khan33@gmail.com
34,Ayesha Siddiqui,40,Peshawar,ayesha.siddiqui34@gmail.com
35,Ayesha Ahmed,45,Lahore,ayesha.ahmed35@gmail.com
36,Rida Shah,22,Faisalabad,rida.shah36@gmail.com
37,Faraz Khan,38,Islamabad,faraz.khan37@gmail.com
38,Asad Khan,66,Faisalabad,asad.khan38@gmail.com
39,Sana Shah,40,Lahore,sana.shah39@gmail.com
40,Hameed Shah,22,Peshawar,hameed.shah40@gmail.com
41,Hassan Qureshi,60,Karachi,hassan.qureshi41@gmail.com
42,Ayesha Khan,66,Faisalabad,ayesha.khan42@gmail.com
43,Faraz Siddiqui,37,Karachi,faraz.siddiqui43@gmail.com
44,Umar Shah,41,Karachi,umar.shah44@gmail.com
45,Rida Qureshi,51,Lahore,rida.qureshi45@gmail.com
46,Hameed Hashmi,42,Multan,hameed.hashmi46@gmail.com
47,Ahmed Raza,47,Peshawar,ahmed.raza47@gmail.com
48,Ali Qureshi,46,Quetta,ali.qureshi48@gmail.com
49,Iqra Butt,45,Quetta,iqra.butt49@gmail.com
50,Ali Raza,51,Islamabad,ali.raza50@gmail.com
51,Hira Siddiqui,53,Karachi,hira.siddiqui51@gmail.com
52,Sana Siddiqui,24,Faisalabad,sana.siddiqui52@gmail.com
53,Nida Malik,75,Faisalabad,nida.malik53@gmail.com
54,Sana Ahmed,35,Faisalabad,sana.ahmed54@gmail.com
55,Bilal Malik,74,Islamabad,bilal.malik55@gmail.com
56,Mariam Shah,20,Faisalabad,mariam.shah56@gmail.com
57,Ayesha Malik,50,Karachi,ayesha.malik57@gmail.com
58,Ali Malik,35,Faisalabad,ali.malik58@gmail.com
59,Bilal Ahmed,56,Islamabad,bilal.ahmed59@gmail.com
60,Ayesha Qureshi,53,Faisalabad,ayesha.qureshi60@gmail.com
61,Hassan Siddiqui,26,Quetta,hassan.siddiqui61@gmail.com
62,Asad Javed,64,Multan,asad.javed62@gmail.com
63,Ali Butt,63,Quetta,ali.butt63@gmail.com
64,Fahad Javed,39,Multan,fahad.javed64@gmail.com
65,Bilal Siddiqui,26,Faisalabad,bilal.siddiqui65@gmail.com
66,Ali Hashmi,56,Multan,ali.hashmi66@gmail.com
67,Sana Hashmi,25,Peshawar,sana.hashmi67@gmail.com
68,Ahmed Qureshi,73,Multan,ahmed.qureshi68@gmail.com
69,Nida Shah,38,Islamabad,nida.shah69@gmail.com
70,Zara Javed,39,Quetta,zara.javed70@gmail.com
71,Zara Raza,42,Quetta,zara.raza71@gmail.com
72,Ahmed Shah,42,Faisalabad,ahmed.shah72@gmail.com
73,Mariam Raza,72,Faisalabad,mariam.raza73@gmail.com
74,Faraz Qureshi,22,Islamabad,faraz.qureshi74@gmail.com
75,Sara Butt,50,Quetta,sara.butt75@gmail.com
76,Noor Qureshi,21,Multan,noor.qureshi76@gmail.com
77,Ahmed Hashmi,42,Islamabad,ahmed.hashmi77@gmail.com
78,Sara Javed,54,Quetta,sara.javed78@gmail.com
79,Sana Malik,59,Multan,sana.malik79@gmail.com
80,Mariam Javed,54,Faisalabad,mariam.javed80@gmail.com
81,Nida Malik,62,Multan,nida.malik81@gmail.com
82,Hira Hashmi,75,Islamabad,hira.hashmi82@gmail.com
83,Sana Khan,29,Lahore,sana.khan83@gmail.com
84,Ali Shah,60,Multan,ali.shah84@gmail.com
85,Hassan Javed,52,Lahore,hassan.javed85@gmail.com
86,Asad Siddiqui,27,Islamabad,asad.siddiqui86@gmail.com
87,Nida Malik,56,Quetta,nida.malik87@gmail.com
88,Ahmed Javed,50,Faisalabad,ahmed.javed88@gmail.com
89,Umar Hashmi,75,Lahore,umar.hashmi89@gmail.com
90,Sana Shah,32,Peshawar,sana.shah90@gmail.com
91,Ayesha Butt,36,Karachi,ayesha.butt91@gmail.com
92,Khalid Qureshi,45,Lahore,khalid.qureshi92@gmail.com
93,Noor Khan,49,Peshawar,noor.khan93@gmail.com
94,Hameed Malik,20,Islamabad,hameed.malik94@gmail.com
95,Hira Raza,66,Peshawar,hira.raza95@gmail.com
96,Hira Malik,37,Multan,hira.malik96@gmail.com
97,Iqra Malik,36,Faisalabad,iqra.malik97@gmail.com
98,Ayesha Ahmed,46,Faisalabad,ayesha.ahmed98@gmail.com
99,Rida Siddiqui,35,Quetta,rida.siddiqui99@gmail.com
100,Zara Siddiqui,22,Peshawar,zara.siddiqui100@gmail.com
101,Faraz Shah,69,Quetta,faraz.shah101@gmail.com
102,Iqra Ahmed,21,Faisalabad,iqra.ahmed102@gmail.com
103,Khalid Shah,51,Islamabad,khalid.shah103@gmail.com
104,Hassan Javed,26,Karachi,hassan.javed104@gmail.com
105,Zara Malik,20,Karachi,zara.malik105@gmail.com
106,Zara Ahmed,43,Lahore,zara.ahmed106@gmail.com
107,Ali Shah,59,Islamabad,ali.shah107@gmail.com
108,Rida Khan,20,Karachi,rida.khan108@gmail.com
109,Khalid Butt,29,Islamabad,khalid.butt109@gmail.com
110,Sara Butt,60,Peshawar,sara.butt110@gmail.com
111,Sana Malik,50,Lahore,sana.malik111@gmail.com
112,Nida Raza,47,Karachi,nida.raza112@gmail.com
113,Khalid Malik,50,Peshawar,khalid.malik113@gmail.com
114,Khalid Shah,53,Karachi,khalid.shah114@gmail.com
115,Faraz Ahmed,75,Multan,faraz.ahmed115@gmail.com
116,Ahmed Butt,26,Multan,ahmed.butt116@gmail.com
117,Sara Raza,25,Multan,sara.raza117@gmail.com
118,Nida Siddiqui,57,Lahore,nida.siddiqui118@gmail.com
119,Iqra Siddiqui,40,Islamabad,iqra.siddiqui119@gmail.com
120,Nida Malik,42,Lahore,nida.malik120@gmail.com
